{"cameraMode":{"drawMode":0,"name":"Shaded","section":"Shading Mode"},"sceneLighting":false,"audioPlay":false,"sceneViewState":{"m_AlwaysRefresh":false,"showFog":false,"showSkybox":false,"showFlares":false,"showImageEffects":false,"showParticleSystems":false,"showVisualEffectGraphs":true,"m_FxEnabled":true},"in2DMode":false,"pivot":{"x":-0.04137653112411499,"y":0.8291982412338257,"z":0.08959919214248657},"rotation":{"x":0.21577733755111695,"y":0.010252432897686959,"z":-0.002265745773911476,"w":0.9763862490653992},"size":1.3368085622787476,"orthographic":true}